as_of,nifty_close,predicted_side,predicted_up,prob_up,confidence,atm_strike,suggested_contract,features_json,settled,actual_close,actual_return,actual_side,correct,reward,settled_at
2026-05-08,24176.150390625,CE,1,0.5796044140998751,0.5796044140998751,,,"{""return_1d"": -0.006186630612244115, ""return_2d"": -0.006362219029486416, ""return_3d"": 0.00596474837368266, ""return_5d"": 0.007442409894369062, ""return_10d"": 0.00012822582482652223, ""return_20d"": 0.007450855371967657, ""volatility_5d"": 0.007407331408162184, ""volatility_10d"": 0.0078592974960731, ""volatility_20d"": 0.008488137850197423, ""vol_ratio_5_20"": 0.8726686039847833, ""rsi_14"": 52.39358145109468, ""rsi_slope_3"": 1.707026762185123, ""ma_ratio_5_20"": 0.0017666587269196121, ""ma_ratio_10_50"": 0.005019942684085121, ""trend_20"": 0.0008964306534930966, ""high_low_range"": 0.0052593315548825435, ""atr_pct_14"": 0.01125502746345666, ""close_location"": 0.38930277568700944, ""volume_z_20"": -2.250306169073679, ""gap_pct"": -0.0038229677537454654, ""dow"": 4.0, ""month"": 5.0, ""pcr_oi"": 0.0, ""pcr_vol"": 0.0, ""oi_imbalance"": 0.0, ""atm_iv_skew"": 0.0, ""max_ce_oi_distance_pct"": 0.0, ""max_pe_oi_distance_pct"": 0.0, ""atm_premium_ratio"": 0.0}",1,,-0.0149031494025498,PE,0.0,-2.307190649641441,2026-08-05T17:42:16.016095+00:00
2026-05-11,23815.849609375,CE,1,0.5945789239629747,0.5945789239629747,,,"{""return_1d"": -0.014903149402549887, ""return_2d"": -0.020997579734481353, ""return_3d"": -0.021170551331308185, ""return_5d"": -0.012581259076585583, ""return_10d"": -0.0034354248820055444, ""return_20d"": 0.0017139780976536123, ""volatility_5d"": 0.00995229229107694, ""volatility_10d"": 0.008482334848293619, ""volatility_20d"": 0.008909585281518405, ""vol_ratio_5_20"": 1.1170320476892985, ""rsi_14"": 46.09429122724844, ""rsi_slope_3"": -9.314214240470541, ""ma_ratio_5_20"": -0.0008302093168619518, ""ma_ratio_10_50"": 0.006149959851721176, ""trend_20"": -0.014103241561440272, ""high_low_range"": 0.00832847085568262, ""atr_pct_14"": 0.011838141909289219, ""close_location"": 0.0844468514598001, ""volume_z_20"": -1.1153224017926298, ""gap_pct"": -0.008522894584983343, ""dow"": 0.0, ""month"": 5.0, ""pcr_oi"": 0.0, ""pcr_vol"": 0.0, ""oi_imbalance"": 0.0, ""atm_iv_skew"": 0.0, ""max_ce_oi_distance_pct"": 0.0, ""max_pe_oi_distance_pct"": 0.0, ""atm_premium_ratio"": 0.0}",1,,-0.0183196835418901,PE,0.0,-2.7730784694988304,2026-08-05T17:42:16.016122+00:00
2026-05-12,23379.55078125,PE,0,0.4954266493849266,0.5045733506150734,,,"{""return_1d"": -0.018319683541890175, ""return_2d"": -0.03294981196360791, ""return_3d"": -0.03893259426049023, ""return_5d"": -0.027181600927248306, ""return_10d"": -0.029600188464769306, ""return_20d"": -0.02790154254047883, ""volatility_5d"": 0.012269610480351169, ""volatility_10d"": 0.009604346746501456, ""volatility_20d"": 0.009381450545660176, ""vol_ratio_5_20"": 1.307858568420109, ""rsi_14"": 39.846739655566196, ""rsi_slope_3"": -15.479505654938997, ""ma_ratio_5_20"": -0.004856469903478211, ""ma_ratio_10_50"": 0.005131294565173139, ""trend_20"": -0.03081840449562845, ""high_low_range"": 0.017500352956017085, ""atr_pct_14"": 0.012733185181313179, ""close_location"": 0.07613432942692794, ""volume_z_20"": -0.03726644857460256, ""gap_pct"": -0.003915459726588688, ""dow"": 1.0, ""month"": 5.0, ""pcr_oi"": 0.0, ""pcr_vol"": 0.0, ""oi_imbalance"": 0.0, ""atm_iv_skew"": 0.0, ""max_ce_oi_distance_pct"": 0.0, ""max_pe_oi_distance_pct"": 0.0, ""atm_premium_ratio"": 0.0}",1,,0.0014135784059419,CE,0.0,-0.647224149143719,2026-08-05T17:42:16.016139+00:00
2026-05-13,23412.599609375,CE,1,0.5242856661992358,0.5242856661992358,,,"{""return_1d"": 0.0014135784059419176, ""return_2d"": -0.016932001445006728, ""return_3d"": -0.03158281070033753, ""return_5d"": -0.037744092970581566, ""return_10d"": -0.02430017162906306, ""return_20d"": -0.018037037586186244, ""volatility_5d"": 0.008754848901281458, ""volatility_10d"": 0.009690821574474609, ""volatility_20d"": 0.009239519630594942, ""vol_ratio_5_20"": 0.947543730768363, ""rsi_14"": 40.504553692430555, ""rsi_slope_3"": -11.889027758664128, ""ma_ratio_5_20"": -0.011589326504828135, ""ma_ratio_10_50"": 0.00438304334069306, ""trend_20"": -0.028582496449055972, ""high_low_range"": 0.013684872369820236, ""atr_pct_14"": 0.013010227043953375, ""close_location"": 0.4683194752627344, ""volume_z_20"": -0.5637310840616039, ""gap_pct"": -0.0007314752391955892, ""dow"": 2.0, ""month"": 5.0, ""pcr_oi"": 0.0, ""pcr_vol"": 0.0, ""oi_imbalance"": 0.0, ""atm_iv_skew"": 0.0, ""max_ce_oi_distance_pct"": 0.0, ""max_pe_oi_distance_pct"": 0.0, ""atm_premium_ratio"": 0.0}",1,,0.0118312363693726,CE,1.0,1.764875194574671,2026-08-05T17:42:16.016155+00:00
2026-05-14,23689.599609375,CE,1,0.5592619065570381,0.5592619065570381,,,"{""return_1d"": 0.011831236369372666, ""return_2d"": 0.013261539155562163, ""return_3d"": -0.005301091586936368, ""return_5d"": -0.026187361228141248, ""return_10d"": -0.020186030212399952, ""return_20d"": -0.022355430967790357, ""volatility_5d"": 0.012258136627249932, ""volatility_10d"": 0.010254548025447247, ""volatility_20d"": 0.008848151270839042, ""vol_ratio_5_20"": 1.3853895861443077, ""rsi_14"": 45.849628564510446, ""rsi_slope_3"": -0.2446626627379942, ""ma_ratio_5_20"": -0.01576965980757772, ""ma_ratio_10_50"": 0.0038464734071197437, ""trend_20"": -0.015983596258351218, ""high_low_range"": 0.014801788264974865, ""atr_pct_14"": 0.013223844357463368, ""close_location"": 0.7501782412049105, ""volume_z_20"": -0.28820509308721987, ""gap_pct"": 0.005025088738026762, ""dow"": 3.0, ""month"": 5.0, ""pcr_oi"": 0.0, ""pcr_vol"": 0.0, ""oi_imbalance"": 0.0, ""atm_iv_skew"": 0.0, ""max_ce_oi_distance_pct"": 0.0, ""max_pe_oi_distance_pct"": 0.0, ""atm_premium_ratio"": 0.0}",1,,-0.0019459851637491,PE,0.0,-0.7769249811190454,2026-08-05T17:42:16.016169+00:00
2026-05-15,23643.5,CE,1,0.5264377260348283,0.5264377260348283,,,"{""return_1d"": -0.0019459851637491088, ""return_2d"": 0.00986222779518009, ""return_3d"": 0.01128974723336773, ""return_5d"": -0.022032059778696267, ""return_10d"": -0.014753621504017378, ""return_20d"": -0.022864640912519274, ""volatility_5d"": 0.01232219033854155, ""volatility_10d"": 0.010075116075374101, ""volatility_20d"": 0.008849946658102226, ""vol_ratio_5_20"": 1.3923462834954428, ""rsi_14"": 45.12306960614977, ""rsi_slope_3"": 5.276329950583573, ""ma_ratio_5_20"": -0.01906756343232241, ""ma_ratio_10_50"": 0.003922042339917997, ""trend_20"": -0.016768703157642673, ""high_low_range"": 0.009685537251252986, ""atr_pct_14"": 0.012756138003422866, ""close_location"": 0.14497475436681223, ""volume_z_20"": -0.580428821024099, ""gap_pct"": 0.001764520377687484, ""dow"": 4.0, ""month"": 5.0, ""pcr_oi"": 0.0, ""pcr_vol"": 0.0, ""oi_imbalance"": 0.0, ""atm_iv_skew"": 0.0, ""max_ce_oi_distance_pct"": 0.0, ""max_pe_oi_distance_pct"": 0.0, ""atm_premium_ratio"": 0.0}",1,,0.0002727692071817,CE,1.0,0.5551569262670479,2026-08-05T17:42:16.016183+00:00
2026-05-18,23649.94921875,CE,1,0.5608557328614614,0.5608557328614614,,,"{""return_1d"": 0.0002727692071817778, ""return_2d"": -0.0016737467613977541, ""return_3d"": 0.010137687114418537, ""return_5d"": -0.00696596566345864, ""return_10d"": -0.019459584121313656, ""return_20d"": -0.028891128395195143, ""volatility_5d"": 0.010866704822811822, ""volatility_10d"": 0.009841980587234438, ""volatility_20d"": 0.008676577756952674, ""vol_ratio_5_20"": 1.252418306757427, ""rsi_14"": 45.253772073860006, ""rsi_slope_3"": 4.749218381429451, ""ma_ratio_5_20"": -0.019012206677191945, ""ma_ratio_10_50"": 0.003238741772309428, ""trend_20"": -0.015059552002672283, ""high_low_range"": 0.016006409897484253, ""atr_pct_14"": 0.013193013123022552, ""close_location"": 0.8792733389055712, ""volume_z_20"": -0.8157239568163224, ""gap_pct"": -0.006822204041279867, ""dow"": 0.0, ""month"": 5.0, ""pcr_oi"": 0.0, ""pcr_vol"": 0.0, ""oi_imbalance"": 0.0, ""atm_iv_skew"": 0.0, ""max_ce_oi_distance_pct"": 0.0, ""max_pe_oi_distance_pct"": 0.0, ""atm_premium_ratio"": 0.0}",1,,-0.0013509212410769,PE,0.0,-0.7123901174019259,2026-08-05T17:42:16.016200+00:00
2026-05-19,23618.0,CE,1,0.5297121677522285,0.5297121677522285,,,"{""return_1d"": -0.0013509212410769411, ""return_2d"": -0.0010785205236111262, ""return_3d"": -0.003022406902422503, ""return_5d"": 0.010199050485659056, ""return_10d"": -0.017259776961727313, ""return_20d"": -0.030652748584486633, ""volatility_5d"": 0.005629612717716083, ""volatility_10d"": 0.009825287390111634, ""volatility_20d"": 0.008665222219630328, ""vol_ratio_5_20"": 0.6496789782220093, ""rsi_14"": 44.68596224074382, ""rsi_slope_3"": -1.163666323766627, ""ma_ratio_5_20"": -0.01549499541560595, ""ma_ratio_10_50"": 0.002546129094640026, ""trend_20"": -0.014858047940594976, ""high_low_range"": 0.008260714814971632, ""atr_pct_14"": 0.013121193363793355, ""close_location"": 0.15787050014015136, ""volume_z_20"": 0.13064162401165624, ""gap_pct"": 0.0010719499761082663, ""dow"": 1.0, ""month"": 5.0, ""pcr_oi"": 0.0, ""pcr_vol"": 0.0, ""oi_imbalance"": 0.0, ""atm_iv_skew"": 0.0, ""max_ce_oi_distance_pct"": 0.0, ""max_pe_oi_distance_pct"": 0.0, ""atm_premium_ratio"": 0.0}",1,,0.0017359640951817,CE,1.0,0.7136244285519786,2026-08-05T17:42:16.016213+00:00
2026-05-20,23659.0,CE,1,0.5584305699731104,0.5584305699731104,,,"{""return_1d"": 0.0017359640951817301, ""return_2d"": 0.0003826977033347667, ""return_3d"": 0.0006555712986655582, ""return_5d"": 0.010524264487329127, ""return_10d"": -0.02761705730050923, ""return_20d"": -0.03733631275113303, ""volatility_5d"": 0.005622426928276216, ""volatility_10d"": 0.008630421098440734, ""volatility_20d"": 0.008368369162576038, ""vol_ratio_5_20"": 0.6718665033827764, ""rsi_14"": 45.62877518754511, ""rsi_slope_3"": 0.5057055813953397, ""ma_ratio_5_20"": -0.011547826992911459, ""ma_ratio_10_50"": 0.0004083854067860049, ""trend_20"": -0.011255694847429276, ""high_low_range"": 0.012409637320892683, ""atr_pct_14"": 0.012961387202393532, ""close_location"": 0.8913472988165484, ""volume_z_20"": -1.5774392871722531, ""gap_pct"": -0.006806249470742709, ""dow"": 2.0, ""month"": 5.0, ""pcr_oi"": 0.0, ""pcr_vol"": 0.0, ""oi_imbalance"": 0.0, ""atm_iv_skew"": 0.0, ""max_ce_oi_distance_pct"": 0.0, ""max_pe_oi_distance_pct"": 0.0, ""atm_premium_ratio"": 0.0}",1,,-0.0001817820385476,PE,0.0,-0.5787330994525218,2026-08-05T17:42:16.016226+00:00
2026-05-21,23654.69921875,CE,1,0.5121970202524088,0.5121970202524088,,,"{""return_1d"": -0.00018178203854768427, ""return_2d"": 0.0015538664895418108, ""return_3d"": 0.00020084609721848778, ""return_5d"": -0.0014732368296840326, ""return_10d"": -0.027622017872791726, ""return_20d"": -0.02967419127070936, ""volatility_5d"": 0.001440547805826951, ""volatility_10d"": 0.008630251416525212, ""volatility_20d"": 0.008245352357649408, ""vol_ratio_5_20"": 0.17471027838980355, ""rsi_14"": 45.541086868015185, ""rsi_slope_3"": 0.28731479415517924, ""ma_ratio_5_20"": -0.010343571859620426, ""ma_ratio_10_50"": -0.0014883323074001975, ""trend_20"": -0.009938856201186397, ""high_low_range"": 0.011131013707470586, ""atr_pct_14"": 0.012608936597348653, ""close_location"": 0.2206587048438543, ""volume_z_20"": -1.3473950603971443, ""gap_pct"": 0.0072298398600956215, ""dow"": 3.0, ""month"": 5.0, ""pcr_oi"": 0.0, ""pcr_vol"": 0.0, ""oi_imbalance"": 0.0, ""atm_iv_skew"": 0.0, ""max_ce_oi_distance_pct"": 0.0, ""max_pe_oi_distance_pct"": 0.0, ""atm_premium_ratio"": 0.0}",1,,0.0027310244743588,CE,1.0,0.7919615398530045,2026-08-05T17:42:16.016241+00:00
2026-05-22,23719.30078125,CE,1,0.5026450791807687,0.5026450791807687,,,"{""return_1d"": 0.002731024474358801, ""return_2d"": 0.002548745984614742, ""return_3d"": 0.0042891346113134166, ""return_5d"": 0.003205988167995333, ""return_10d"": -0.018896706133667895, ""return_20d"": -0.018770903354571766, ""volatility_5d"": 0.0016083735775117788, ""volatility_10d"": 0.008697700641112516, ""volatility_20d"": 0.0081274428578659, ""vol_ratio_5_20"": 0.1978941723293893, ""rsi_14"": 47.18302508543114, ""rsi_slope_3"": 2.4970628446873206, ""ma_ratio_5_20"": -0.00876779399000105, ""ma_ratio_10_50"": -0.0028004064714429733, ""trend_20"": -0.006291369863044016, ""high_low_range"": 0.0069416207561715055, ""atr_pct_14"": 0.012238228657733738, ""close_location"": 0.2933535782493683, ""volume_z_20"": -1.3829485217232178, ""gap_pct"": 0.0006975358193064274, ""dow"": 4.0, ""month"": 5.0, ""pcr_oi"": 0.0, ""pcr_vol"": 0.0, ""oi_imbalance"": 0.0, ""atm_iv_skew"": 0.0, ""max_ce_oi_distance_pct"": 0.0, ""max_pe_oi_distance_pct"": 0.0, ""atm_premium_ratio"": 0.0}",1,,0.0131706427765758,CE,1.0,1.826676835439488,2026-08-05T17:42:16.016255+00:00
2026-05-25,24031.69921875,CE,1,0.5295298728981382,0.5295298728981382,,,"{""return_1d"": 0.01317064277657587, ""return_2d"": 0.01593763659870051, ""return_3d"": 0.015752957384082222, ""return_5d"": 0.016141683708028598, ""return_10d"": 0.009063275630109446, ""return_20d"": 0.005596714545491599, ""volatility_5d"": 0.005786237734297475, ""volatility_10d"": 0.008553682135340836, ""volatility_20d"": 0.008315549208552552, ""vol_ratio_5_20"": 0.6958335028967567, ""rsi_14"": 54.35061695858817, ""rsi_slope_3"": 8.72184177104306, ""ma_ratio_5_20"": -0.005847678915534393, ""ma_ratio_10_50"": -0.0018923595057062093, ""trend_20"": 0.0065144168101975986, ""high_low_range"": 0.0054760842409480315, ""atr_pct_14"": 0.012370118708304845, ""close_location"": 0.8271271464402855, ""volume_z_20"": -1.0330258886005002, ""gap_pct"": 0.009315165771018874, ""dow"": 0.0, ""month"": 5.0, ""pcr_oi"": 0.0, ""pcr_vol"": 0.0, ""oi_imbalance"": 0.0, ""atm_iv_skew"": 0.0, ""max_ce_oi_distance_pct"": 0.0, ""max_pe_oi_distance_pct"": 0.0, ""atm_premium_ratio"": 0.0}",1,,-0.0049101812953756,PE,0.0,-1.0495474083475584,2026-08-05T17:42:16.016268+00:00
2026-05-26,23913.69921875,CE,1,0.5751893539085886,0.5751893539085886,,,"{""return_1d"": -0.004910181295375682, ""return_2d"": 0.00819579123739067, ""return_3d"": 0.010949198618205314, ""return_5d"": 0.012520078700567261, ""return_10d"": 0.022846822100978104, ""return_20d"": -0.0074296366038012485, ""volatility_5d"": 0.0066445854847394055, ""volatility_10d"": 0.005811031468145397, ""volatility_20d"": 0.008179372335742894, ""vol_ratio_5_20"": 0.8123588475980423, ""rsi_14"": 51.50729322391168, ""rsi_slope_3"": 5.966206355896496, ""ma_ratio_5_20"": -0.002997010272862699, ""ma_ratio_10_50"": 0.0006562194235906205, ""trend_20"": 0.0019478295908315069, ""high_low_range"": 0.008545376465209288, ""atr_pct_14"": 0.011970429662335143, ""close_location"": 0.13824215315211988, ""volume_z_20"": -0.4096606041933843, ""gap_pct"": -0.001148466828074568, ""dow"": 1.0, ""month"": 5.0, ""pcr_oi"": 0.0, ""pcr_vol"": 0.0, ""oi_imbalance"": 0.0, ""atm_iv_skew"": 0.0, ""max_ce_oi_distance_pct"": 0.0, ""max_pe_oi_distance_pct"": 0.0, ""atm_premium_ratio"": 0.0}",1,,-0.0002738525756761,PE,0.0,-0.6066927711224606,2026-08-05T17:42:16.016281+00:00
2026-05-27,23907.150390625,CE,1,0.5801860972276085,0.5801860972276085,,,"{""return_1d"": -0.00027385257567613674, ""return_2d"": -0.005182689205257107, ""return_3d"": 0.00791969422317429, ""return_5d"": 0.010488625496639647, ""return_10d"": 0.02112327505280409, ""return_20d"": -0.0036901957854100775, ""volatility_5d"": 0.006762791831532532, ""volatility_10d"": 0.0058631443676483855, ""volatility_20d"": 0.008133299611862804, ""vol_ratio_5_20"": 0.8314942464026136, ""rsi_14"": 51.3467466536215, ""rsi_slope_3"": 4.163721568190361, ""ma_ratio_5_20"": -0.0007322177911125438, ""ma_ratio_10_50"": 0.002710246200747779, ""trend_20"": 0.0018592916001072268, ""high_low_range"": 0.0052264371415423, ""atr_pct_14"": 0.011755153666189533, ""close_location"": 0.3913621158595679, ""volume_z_20"": 1.9832357577004744, ""gap_pct"": -0.0013945817863616483, ""dow"": 2.0, ""month"": 5.0, ""pcr_oi"": 0.0, ""pcr_vol"": 0.0, ""oi_imbalance"": 0.0, ""atm_iv_skew"": 0.0, ""max_ce_oi_distance_pct"": 0.0, ""max_pe_oi_distance_pct"": 0.0, ""atm_premium_ratio"": 0.0}",1,,-0.0150331756295779,PE,0.0,-2.3245939967200147,2026-08-05T17:42:16.016294+00:00
2026-05-29,23547.75,CE,1,0.5217129547260836,0.5217129547260836,,,"{""return_1d"": -0.015033175629577955, ""return_2d"": -0.015302911331387392, ""return_3d"": -0.02013795255777895, ""return_5d"": -0.004521267328786216, ""return_10d"": -0.005987843260924719, ""return_20d"": -0.026053002688352533, ""volatility_5d"": 0.010336595062475027, ""volatility_10d"": 0.006964124244736469, ""volatility_20d"": 0.00856200374923208, ""vol_ratio_5_20"": 1.207263552460148, ""rsi_14"": 43.35920321299189, ""rsi_slope_3"": -10.991413745596276, ""ma_ratio_5_20"": -0.00030915568976286334, ""ma_ratio_10_50"": 0.002188682800550179, ""trend_20"": -0.011897699610228685, ""high_low_range"": 0.02200001194381629, ""atr_pct_14"": 0.012899327515746878, ""close_location"": 0.12160969982129527, ""volume_z_20"": 4.068788838015774, ""gap_pct"": -0.0002091424497818739, ""dow"": 4.0, ""month"": 5.0, ""pcr_oi"": 0.0, ""pcr_vol"": 0.0, ""oi_imbalance"": 0.0, ""atm_iv_skew"": 0.0, ""max_ce_oi_distance_pct"": 0.0, ""max_pe_oi_distance_pct"": 0.0, ""atm_premium_ratio"": 0.0}",1,,-0.0070134255130532,PE,0.0,-1.2535119441593492,2026-08-05T17:42:16.016307+00:00
2026-06-01,23382.599609375,CE,1,0.5229857506711415,0.5229857506711415,,,"{""return_1d"": -0.007013425513053284, ""return_2d"": -0.02194116708512861, ""return_3d"": -0.022209011015685176, ""return_5d"": -0.014195240196168024, ""return_10d"": -0.0110347618002834, ""return_20d"": -0.025625580605312392, ""volatility_5d"": 0.01040791210246092, ""volatility_10d"": 0.00725305368549218, ""volatility_20d"": 0.008546035818822401, ""vol_ratio_5_20"": 1.2178643201492076, ""rsi_14"": 40.2599353147022, ""rsi_slope_3"": -11.247357909209484, ""ma_ratio_5_20"": -0.0018470275890577481, ""ma_ratio_10_50"": 0.0008913542630586413, ""trend_20"": -0.01756011977291949, ""high_low_range"": 0.016069641796772123, ""atr_pct_14"": 0.012986461370221296, ""close_location"": 0.06560316866267465, ""volume_z_20"": -0.10778008239580669, ""gap_pct"": 0.0045333418267137215, ""dow"": 0.0, ""month"": 6.0, ""pcr_oi"": 0.0, ""pcr_vol"": 0.0, ""oi_imbalance"": 0.0, ""atm_iv_skew"": 0.0, ""max_ce_oi_distance_pct"": 0.0, ""max_pe_oi_distance_pct"": 0.0, ""atm_premium_ratio"": 0.0}",1,,0.0043173630631951,CE,1.0,0.9745696231761406,2026-08-05T17:42:16.016320+00:00
2026-06-02,23483.55078125,CE,1,0.5345404993587429,0.5345404993587429,,,"{""return_1d"": 0.00431736306319519, ""return_2d"": -0.002726341954114475, ""return_3d"": -0.01771853200627005, ""return_5d"": -0.022809391566965154, ""return_10d"": -0.007035889843183152, ""return_20d"": -0.02635855847422508, ""volatility_5d"": 0.007297352260367831, ""volatility_10d"": 0.007447367780895763, ""volatility_20d"": 0.008518160994537201, ""vol_ratio_5_20"": 0.8566816552361137, ""rsi_14"": 42.94460574083933, ""rsi_slope_3"": -8.402140912782173, ""ma_ratio_5_20"": -0.005124477681633155, ""ma_ratio_10_50"": 0.0001257518541926128, ""trend_20"": -0.011999016812485941, ""high_low_range"": 0.013958656898969675, ""atr_pct_14"": 0.012505868528842721, ""close_location"": 0.7760869435689048, ""volume_z_20"": 0.3551027499240557, ""gap_pct"": -0.0065625388670845775, ""dow"": 1.0, ""month"": 6.0, ""pcr_oi"": 0.0, ""pcr_vol"": 0.0, ""oi_imbalance"": 0.0, ""atm_iv_skew"": 0.0, ""max_ce_oi_distance_pct"": 0.0, ""max_pe_oi_distance_pct"": 0.0, ""atm_premium_ratio"": 0.0}",1,,-0.0033193946094914,PE,0.0,-0.8894106697840028,2026-08-05T17:42:16.016335+00:00
2026-06-03,23405.599609375,CE,1,0.5437482124268772,0.5437482124268772,,,"{""return_1d"": -0.0033193946094914883, ""return_2d"": 0.0009836374220246746, ""return_3d"": -0.006036686758819854, ""return_5d"": -0.021247219208001655, ""return_10d"": -0.008993157364086679, ""return_20d"": -0.026097714435528108, ""volatility_5d"": 0.0073141614521283396, ""volatility_10d"": 0.007492923155183015, ""volatility_20d"": 0.008514598610113711, ""vol_ratio_5_20"": 0.859014239783484, ""rsi_14"": 41.397584561918286, ""rsi_slope_3"": -1.9616186510736071, ""ma_ratio_5_20"": -0.008091129033472422, ""ma_ratio_10_50"": -0.0006227552621874688, ""trend_20"": -0.013977642029363802, ""high_low_range"": 0.013165669573428568, ""atr_pct_14"": 0.012583079000061382, ""close_location"": 0.8245960969240618, ""volume_z_20"": -0.0024736026907490505, ""gap_pct"": -0.0028786772123905457, ""dow"": 2.0, ""month"": 6.0, ""pcr_oi"": 0.0, ""pcr_vol"": 0.0, ""oi_imbalance"": 0.0, ""atm_iv_skew"": 0.0, ""max_ce_oi_distance_pct"": 0.0, ""max_pe_oi_distance_pct"": 0.0, ""atm_premium_ratio"": 0.0}",1,,0.0004678868329701,CE,1.0,0.5946307382359973,2026-08-05T17:42:16.016347+00:00
2026-06-04,23416.55078125,CE,1,0.5472846601483479,0.5472846601483479,,,"{""return_1d"": 0.00046788683297016576, ""return_2d"": -0.002853060877552438, ""return_3d"": 0.0014519844859930409, ""return_5d"": -0.020521040833347715, ""return_10d"": -0.01024765284881013, ""return_20d"": -0.03758170013339812, ""volatility_5d"": 0.007422061866840134, ""volatility_10d"": 0.007454407234510032, ""volatility_20d"": 0.007900473414890525, ""vol_ratio_5_20"": 0.9394452049988932, ""rsi_14"": 41.71524653790927, ""rsi_slope_3"": 1.455311223207076, ""ma_ratio_5_20"": -0.010318490815309445, ""ma_ratio_10_50"": -0.0013417517868885565, ""trend_20"": -0.011612590041548021, ""high_low_range"": 0.009309654612948207, ""atr_pct_14"": 0.01213001483063707, ""close_location"": 0.7763761467889908, ""volume_z_20"": -0.20219236295096862, ""gap_pct"": -0.005261578112943255, ""dow"": 3.0, ""month"": 6.0, ""pcr_oi"": 0.0, ""pcr_vol"": 0.0, ""oi_imbalance"": 0.0, ""atm_iv_skew"": 0.0, ""max_ce_oi_distance_pct"": 0.0, ""max_pe_oi_distance_pct"": 0.0, ""atm_premium_ratio"": 0.0}",1,,-0.0021289028843615,PE,0.0,-0.7803078384596739,2026-08-05T17:42:16.016360+00:00
2026-06-05,23366.69921875,CE,1,0.5140612669257557,0.5140612669257557,,,"{""return_1d"": -0.0021289028843615165, ""return_2d"": -0.0016620121370194418, ""return_3d"": -0.0049758898723824, ""return_5d"": -0.007688665849178822, ""return_10d"": -0.012175170664259216, ""return_20d"": -0.039460885755358444, ""volatility_5d"": 0.00423708742875433, ""volatility_10d"": 0.00745595969739971, ""volatility_20d"": 0.00789032618744415, ""vol_ratio_5_20"": 0.5369977524499295, ""rsi_14"": 40.63541192057611, ""rsi_slope_3"": -2.309193820263218, ""ma_ratio_5_20"": -0.009840894163228642, ""ma_ratio_10_50"": -0.0028651085493901496, ""trend_20"": -0.011714578412101884, ""high_low_range"": 0.010001379166231323, ""atr_pct_14"": 0.012170258369777752, ""close_location"": 0.3596453106456951, ""volume_z_20"": -0.4312919949597735, ""gap_pct"": 0.0026647151445533535, ""dow"": 4.0, ""month"": 6.0, ""pcr_oi"": 0.0, ""pcr_vol"": 0.0, ""oi_imbalance"": 0.0, ""atm_iv_skew"": 0.0, ""max_ce_oi_distance_pct"": 0.0, ""max_pe_oi_distance_pct"": 0.0, ""atm_premium_ratio"": 0.0}",1,,-0.0104293386271027,PE,0.0,-1.5863250724949842,2026-08-05T17:42:16.016372+00:00
2026-06-08,23123.0,CE,1,0.5462913054496218,0.5462913054496218,,,"{""return_1d"": -0.010429338627102713, ""return_2d"": -0.01253603846237894, ""return_3d"": -0.012074017076742827, ""return_5d"": -0.011102256109749131, ""return_10d"": -0.02513989711371989, ""return_20d"": -0.0435615419993991, ""volatility_5d"": 0.005444539643975048, ""volatility_10d"": 0.007836887517190805, ""volatility_20d"": 0.008064450773608794, ""vol_ratio_5_20"": 0.6751283871423086, ""rsi_14"": 35.761889843338935, ""rsi_slope_3"": -5.635694718579352, ""ma_ratio_5_20"": -0.009831593988671394, ""ma_ratio_10_50"": -0.005389843675874251, ""trend_20"": -0.019838796064534314, ""high_low_range"": 0.00852615969489253, ""atr_pct_14"": 0.012045214045539075, ""close_location"": 0.26806748496646554, ""volume_z_20"": -0.3929015449879068, ""gap_pct"": -0.01223964058092153, ""dow"": 0.0, ""month"": 6.0, ""pcr_oi"": 0.0, ""pcr_vol"": 0.0, ""oi_imbalance"": 0.0, ""atm_iv_skew"": 0.0, ""max_ce_oi_distance_pct"": 0.0, ""max_pe_oi_distance_pct"": 0.0, ""atm_premium_ratio"": 0.0}",1,,0.0051506988442242,CE,1.0,1.1090477045674472,2026-08-05T17:42:16.016384+00:00
2026-06-09,23242.099609375,CE,1,0.5708500578850131,0.5708500578850131,,,"{""return_1d"": 0.005150698844224255, ""return_2d"": -0.005332358165290985, ""return_3d"": -0.007449908976973951, ""return_5d"": -0.010281714810682852, ""return_10d"": -0.032856586718551295, ""return_20d"": -0.02409109939013665, ""volatility_5d"": 0.0057013311106743035, ""volatility_10d"": 0.006316108488758325, ""volatility_20d"": 0.00763635638365207, ""vol_ratio_5_20"": 0.7466035926347973, ""rsi_14"": 39.575961955048534, ""rsi_slope_3"": -2.139284582860739, ""ma_ratio_5_20"": -0.010675516398995222, ""ma_ratio_10_50"": -0.009333725431606044, ""trend_20"": -0.013590772857784872, ""high_low_range"": 0.00752733938909853, ""atr_pct_14"": 0.011921563688986338, ""close_location"": 0.786793190064192, ""volume_z_20"": -0.2503478522989691, ""gap_pct"": 0.005883785894996274, ""dow"": 1.0, ""month"": 6.0, ""pcr_oi"": 0.0, ""pcr_vol"": 0.0, ""oi_imbalance"": 0.0, ""atm_iv_skew"": 0.0, ""max_ce_oi_distance_pct"": 0.0, ""max_pe_oi_distance_pct"": 0.0, ""atm_premium_ratio"": 0.0}",1,,-0.0011681556778996,PE,0.0,-0.7042184051545551,2026-08-05T17:42:16.016396+00:00
2026-06-10,23214.94921875,CE,1,0.5870544787928783,0.5870544787928783,,,"{""return_1d"": -0.0011681556778996294, ""return_2d"": 0.003976526348224763, ""return_3d"": -0.006494284818723273, ""return_5d"": -0.008145503375552754, ""return_10d"": -0.02921965328777454, ""return_20d"": -0.007040407407314597, ""volatility_5d"": 0.00566279998204539, ""volatility_10d"": 0.006322093585866973, ""volatility_20d"": 0.006488277121116431, ""vol_ratio_5_20"": 0.8727740625651633, ""rsi_14"": 39.00737963688032, ""rsi_slope_3"": -1.628032283695788, ""ma_ratio_5_20"": -0.011948664622983718, ""ma_ratio_10_50"": -0.012534142176485075, ""trend_20"": -0.014398792089265311, ""high_low_range"": 0.010370472824707006, ""atr_pct_14"": 0.011772896683313546, ""close_location"": 0.12606275960539978, ""volume_z_20"": -0.3537109201602621, ""gap_pct"": -0.0003506735949841966, ""dow"": 2.0, ""month"": 6.0, ""pcr_oi"": 0.0, ""pcr_vol"": 0.0, ""oi_imbalance"": 0.0, ""atm_iv_skew"": 0.0, ""max_ce_oi_distance_pct"": 0.0, ""max_pe_oi_distance_pct"": 0.0, ""atm_premium_ratio"": 0.0}",1,,-0.0022980713363744,PE,0.0,-0.8568730929137149,2026-08-05T17:42:16.016409+00:00
2026-06-11,23161.599609375,CE,1,0.5521851823649323,0.5521851823649323,,,"{""return_1d"": -0.0022980713363744965, ""return_2d"": -0.0034635425091943395, ""return_3d"": 0.0016693166706309714, ""return_5d"": -0.010887648409736883, ""return_10d"": -0.031185263365489213, ""return_20d"": -0.010720723208348604, ""volatility_5d"": 0.0055414568574352055, ""volatility_10d"": 0.006259228959235539, ""volatility_20d"": 0.0064887665907033204, ""vol_ratio_5_20"": 0.8540077347480246, ""rsi_14"": 37.85646844866646, ""rsi_slope_3"": 2.094578605327527, ""ma_ratio_5_20"": -0.013587902074901015, ""ma_ratio_10_50"": -0.015558809503098736, ""trend_20"": -0.016139557440557506, ""high_low_range"": 0.011026804789278186, ""atr_pct_14"": 0.011775643743764469, ""close_location"": 0.3506240249609984, ""volume_z_20"": -0.4297721805940378, ""gap_pct"": -0.00476196726011846, ""dow"": 3.0, ""month"": 6.0, ""pcr_oi"": 0.0, ""pcr_vol"": 0.0, ""oi_imbalance"": 0.0, ""atm_iv_skew"": 0.0, ""max_ce_oi_distance_pct"": 0.0, ""max_pe_oi_distance_pct"": 0.0, ""atm_premium_ratio"": 0.0}",1,,0.0199166201397973,CE,1.0,2.751717687162348,2026-08-05T17:42:16.016422+00:00
2026-06-12,23622.900390625,PE,0,0.4884777464737206,0.5115222535262793,,,"{""return_1d"": 0.019916620139797336, ""return_2d"": 0.01757277898956211, ""return_3d"": 0.016384095570109336, ""return_5d"": 0.010964371539024187, ""return_10d"": 0.003191404300835643, ""return_20d"": -0.0028155485888248233, ""volatility_5d"": 0.011331997458311855, ""volatility_10d"": 0.008306582858995291, ""volatility_20d"": 0.007475545216058414, ""vol_ratio_5_20"": 1.5158757161911476, ""rsi_14"": 51.25029465860531, ""rsi_slope_3"": 11.674332703556779, ""ma_ratio_5_20"": -0.01127124889827591, ""ma_ratio_10_50"": -0.01590877803082036, ""trend_20"": 0.0035977896980359247, ""high_low_range"": 0.014030843514945318, ""atr_pct_14"": 0.01246126548354549, ""close_location"": 0.9322695077253067, ""volume_z_20"": -0.4662010930542439, ""gap_pct"": 0.010834794492061928, ""dow"": 4.0, ""month"": 6.0, ""pcr_oi"": 0.0, ""pcr_vol"": 0.0, ""oi_imbalance"": 0.0, ""atm_iv_skew"": 0.0, ""max_ce_oi_distance_pct"": 0.0, ""max_pe_oi_distance_pct"": 0.0, ""atm_premium_ratio"": 0.0}",1,,0.0097786468291451,CE,0.0,-1.511921346022671,2026-08-05T17:42:16.016434+00:00
2026-06-15,23853.900390625,PE,0,0.4656238616689758,0.5343761383310242,,,"{""return_1d"": 0.009778646829145199, ""return_2d"": 0.029890024563320017, ""return_3d"": 0.027523263818252985, ""return_5d"": 0.03160923715024011, ""return_10d"": 0.020156047194215265, ""return_20d"": 0.008898868214308298, ""volatility_5d"": 0.009062719077676874, ""volatility_10d"": 0.00834992811988725, ""volatility_20d"": 0.0077779670946699405, ""vol_ratio_5_20"": 1.1651783772507014, ""rsi_14"": 56.32650019377323, ""rsi_slope_3"": 17.319120556892905, ""ma_ratio_5_20"": -0.0055053921276000395, ""ma_ratio_10_50"": -0.015186054615025646, ""trend_20"": 0.012958892658797794, ""high_low_range"": 0.008116056754017805, ""atr_pct_14"": 0.01250034813044564, ""close_location"": 0.18646530068702521, ""volume_z_20"": -0.2112036320619066, ""gap_pct"": 0.015321963550828155, ""dow"": 0.0, ""month"": 6.0, ""pcr_oi"": 0.0, ""pcr_vol"": 0.0, ""oi_imbalance"": 0.0, ""atm_iv_skew"": 0.0, ""max_ce_oi_distance_pct"": 0.0, ""max_pe_oi_distance_pct"": 0.0, ""atm_premium_ratio"": 0.0}",1,,0.0056699322871809,CE,0.0,-1.140351442375452,2026-08-05T17:42:16.016447+00:00
2026-06-16,23989.150390625,CE,1,0.503361611672081,0.503361611672081,,,"{""return_1d"": 0.005669932287180934, ""return_2d"": 0.015504023381707643, ""return_3d"": 0.03572943126583694, ""return_5d"": 0.03214213835262392, ""return_10d"": 0.021529947241994085, ""return_20d"": 0.014342575061686569, ""volatility_5d"": 0.009049567079161413, ""volatility_10d"": 0.008401912815882305, ""volatility_20d"": 0.007863854764823229, ""vol_ratio_5_20"": 1.1507800372461277, ""rsi_14"": 59.01727883562567, ""rsi_slope_3"": 21.160810386959206, ""ma_ratio_5_20"": 0.00011903226848586357, ""ma_ratio_10_50"": -0.01414454986394964, ""trend_20"": 0.017969148380891697, ""high_low_range"": 0.004768838777621231, ""atr_pct_14"": 0.012264164714063738, ""close_location"": 0.8824373004626705, ""volume_z_20"": -0.5735499350768686, ""gap_pct"": 0.0029345305737720206, ""dow"": 1.0, ""month"": 6.0, ""pcr_oi"": 0.0, ""pcr_vol"": 0.0, ""oi_imbalance"": 0.0, ""atm_iv_skew"": 0.0, ""max_ce_oi_distance_pct"": 0.0, ""max_pe_oi_distance_pct"": 0.0, ""atm_premium_ratio"": 0.0}",1,,0.004024687267071,CE,1.0,0.9085362255178792,2026-08-05T17:42:16.016461+00:00
2026-06-17,24085.69921875,CE,1,0.5105504672872107,0.5105504672872107,,,"{""return_1d"": 0.004024687267071059, ""return_2d"": 0.0097174392585333, ""return_3d"": 0.01959110949427134, ""return_5d"": 0.03750815872113655, ""return_10d"": 0.029057132512110062, ""return_20d"": 0.01980265978279272, ""volatility_5d"": 0.008227401054365457, ""volatility_10d"": 0.008187594629525475, ""volatility_20d"": 0.007880420136063042, ""vol_ratio_5_20"": 1.044030763882059, ""rsi_14"": 60.87062809650719, ""rsi_slope_3"": 9.620333437901877, ""ma_ratio_5_20"": 0.006510220744107675, ""ma_ratio_10_50"": -0.012424364089499096, ""trend_20"": 0.02105293374750694, ""high_low_range"": 0.0057503001570401524, ""atr_pct_14"": 0.012255189355587202, ""close_location"": 0.8375451263537906, ""volume_z_20"": -0.4126278322923473, ""gap_pct"": 0.0023072767677772, ""dow"": 2.0, ""month"": 6.0, ""pcr_oi"": 0.0, ""pcr_vol"": 0.0, ""oi_imbalance"": 0.0, ""atm_iv_skew"": 0.0, ""max_ce_oi_distance_pct"": 0.0, ""max_pe_oi_distance_pct"": 0.0, ""atm_premium_ratio"": 0.0}",1,,0.0034169978003351,CE,1.0,0.8594604320233028,2026-08-05T17:42:16.016473+00:00
2026-06-18,24168.0,CE,1,0.5780077927423029,0.5780077927423029,,,"{""return_1d"": 0.0034169978003351087, ""return_2d"": 0.007455437414944699, ""return_3d"": 0.013167641527439544, ""return_5d"": 0.0434512472194557, ""return_10d"": 0.03209051690702869, ""return_20d"": 0.021514011581216463, ""volatility_5d"": 0.006815972715081787, ""volatility_10d"": 0.00814331473638989, ""volatility_20d"": 0.007897513005144557, ""vol_ratio_5_20"": 0.863053053618495, ""rsi_14"": 62.43030893336254, ""rsi_slope_3"": 6.1038087395893115, ""ma_ratio_5_20"": 0.013949047342765253, ""ma_ratio_10_50"": -0.01026516661658472, ""trend_20"": 0.023437693654462022, ""high_low_range"": 0.006301753610145647, ""atr_pct_14"": 0.011132481160522179, ""close_location"": 0.8604734668752725, ""volume_z_20"": -0.47857320557469013, ""gap_pct"": -0.000494004238446033, ""dow"": 3.0, ""month"": 6.0, ""pcr_oi"": 0.0, ""pcr_vol"": 0.0, ""oi_imbalance"": 0.0, ""atm_iv_skew"": 0.0, ""max_ce_oi_distance_pct"": 0.0, ""max_pe_oi_distance_pct"": 0.0, ""atm_premium_ratio"": 0.0}",1,,-0.0064093177186775,PE,0.0,-1.3189349102536958,2026-08-05T17:42:16.016486+00:00
2026-06-19,24013.099609375,CE,1,0.5331760586532109,0.5331760586532109,,,"{""return_1d"": -0.006409317718677587, ""return_2d"": -0.0030142205428889124, ""return_3d"": 0.0009983354291429603, ""return_5d"": 0.016517837026686744, ""return_10d"": 0.027663316267892535, ""return_20d"": 0.015151340006932523, ""volatility_5d"": 0.0059665543209154685, ""volatility_10d"": 0.008556183602775188, ""volatility_20d"": 0.008071332270257038, ""vol_ratio_5_20"": 0.7392279392216694, ""rsi_14"": 57.763504200771955, ""rsi_slope_3"": -1.2537746348537127, ""ma_ratio_5_20"": 0.01648242231088437, ""ma_ratio_10_50"": -0.008292706785001824, ""trend_20"": 0.016107077709006434, ""high_low_range"": 0.006050815200394771, ""atr_pct_14"": 0.010878130611118149, ""close_location"": 0.765313940827766, ""volume_z_20"": 0.066747353415564, ""gap_pct"": -0.007315490783267098, ""dow"": 4.0, ""month"": 6.0, ""pcr_oi"": 0.0, ""pcr_vol"": 0.0, ""oi_imbalance"": 0.0, ""atm_iv_skew"": 0.0, ""max_ce_oi_distance_pct"": 0.0, ""max_pe_oi_distance_pct"": 0.0, ""atm_premium_ratio"": 0.0}",1,,0.003739658049598,CE,1.0,0.9319552865723028,2026-08-05T17:42:16.016498+00:00
2026-06-22,24102.900390625,CE,1,0.5324782962935207,0.5324782962935207,,,"{""return_1d"": 0.0037396580495980825, ""return_2d"": -0.002693628325678543, ""return_3d"": 0.0007141653525926106, ""return_5d"": 0.010438544469560274, ""return_10d"": 0.042377736047441994, ""return_20d"": 0.016172467009577085, ""volatility_5d"": 0.004829068584937628, ""volatility_10d"": 0.007192976433151707, ""volatility_20d"": 0.008087279742613375, ""vol_ratio_5_20"": 0.59711902377908, ""rsi_14"": 59.64678290220105, ""rsi_slope_3"": -1.2238451943061364, ""ma_ratio_5_20"": 0.017763682297760486, ""ma_ratio_10_50"": -0.004271431343765397, ""trend_20"": 0.019079890478940653, ""high_low_range"": 0.003937301697596203, ""atr_pct_14"": 0.010325370338611094, ""close_location"": 0.3134865916153862, ""volume_z_20"": -0.933590515815326, ""gap_pct"": 0.0038937080810466096, ""dow"": 0.0, ""month"": 6.0, ""pcr_oi"": 0.0, ""pcr_vol"": 0.0, ""oi_imbalance"": 0.0, ""atm_iv_skew"": 0.0, ""max_ce_oi_distance_pct"": 0.0, ""max_pe_oi_distance_pct"": 0.0, ""atm_premium_ratio"": 0.0}",1,,-0.0115671050675063,PE,0.0,-1.7643247761723075,2026-08-05T17:42:16.016510+00:00
2026-06-23,23824.099609375,PE,0,0.4922893478213874,0.5077106521786126,,,"{""return_1d"": -0.011567105067506356, ""return_2d"": -0.00787070403548451, ""return_3d"": -0.014229575911329007, ""return_5d"": -0.006880226209032503, ""return_10d"": 0.02504076696088342, ""return_20d"": -0.008638573888817058, ""volatility_5d"": 0.007202459226068663, ""volatility_10d"": 0.008722915530836876, ""volatility_20d"": 0.007992260064200432, ""vol_ratio_5_20"": 0.9011792869867301, ""rsi_14"": 51.90820309820255, ""rsi_slope_3"": -10.52210583515999, ""ma_ratio_5_20"": 0.016814249031809503, ""ma_ratio_10_50"": -0.0018719205483838097, ""trend_20"": 0.007734350247408983, ""high_low_range"": 0.01471412506653788, ""atr_pct_14"": 0.010501668706960602, ""close_location"": 0.11168250855238966, ""volume_z_20"": -0.47317583279830205, ""gap_pct"": -0.0013110293310298893, ""dow"": 1.0, ""month"": 6.0, ""pcr_oi"": 0.0, ""pcr_vol"": 0.0, ""oi_imbalance"": 0.0, ""atm_iv_skew"": 0.0, ""max_ce_oi_distance_pct"": 0.0, ""max_pe_oi_distance_pct"": 0.0, ""atm_premium_ratio"": 0.0}",1,,0.0082920565515207,CE,0.0,-1.3497037401135217,2026-08-05T17:42:16.016523+00:00
2026-06-24,24021.650390625,CE,1,0.508356471679504,0.508356471679504,,,"{""return_1d"": 0.008292056551520766, ""return_2d"": -0.003370963605342836, ""return_3d"": 0.00035608819307375583, ""return_5d"": -0.0026592056781619133, ""return_10d"": 0.03474921113432594, ""return_20d"": 0.0045141979451828185, ""volatility_5d"": 0.008185635703060981, ""volatility_10d"": 0.00879235602695049, ""volatility_20d"": 0.008144205877056844, ""vol_ratio_5_20"": 1.0050870307835476, ""rsi_14"": 56.24048028897934, ""rsi_slope_3"": -1.5230239117926132, ""ma_ratio_5_20"": 0.01604043616284634, ""ma_ratio_10_50"": 0.0015350344915110448, ""trend_20"": 0.01585860872273659, ""high_low_range"": 0.01252206973120358, ""atr_pct_14"": 0.010661513205482939, ""close_location"": 0.7726056749561717, ""volume_z_20"": -0.18521658811369257, ""gap_pct"": -0.0011878236151205979, ""dow"": 2.0, ""month"": 6.0, ""pcr_oi"": 0.0, ""pcr_vol"": 0.0, ""oi_imbalance"": 0.0, ""atm_iv_skew"": 0.0, ""max_ce_oi_distance_pct"": 0.0, ""max_pe_oi_distance_pct"": 0.0, ""atm_premium_ratio"": 0.0}",1,,0.00142994377224,CE,1.0,0.6537407058307093,2026-08-05T17:42:16.016535+00:00
2026-06-25,24056.0,CE,1,0.5224668707062067,0.5224668707062067,,,"{""return_1d"": 0.0014299437722400388, ""return_2d"": 0.009733857498385623, ""return_3d"": -0.001945840121516773, ""return_5d"": -0.004634227077126796, ""return_10d"": 0.03861565719592952, ""return_20d"": 0.006226154390753802, ""volatility_5d"": 0.007993569870438545, ""volatility_10d"": 0.008598142029389475, ""volatility_20d"": 0.00814727464768763, ""vol_ratio_5_20"": 0.9811342094263742, ""rsi_14"": 56.966386942058975, ""rsi_slope_3"": -2.6803959601420786, ""ma_ratio_5_20"": 0.014773768910974816, ""ma_ratio_10_50"": 0.005105663363700108, ""trend_20"": 0.016991144431653282, ""high_low_range"": 0.00925339247485035, ""atr_pct_14"": 0.010664847498693526, ""close_location"": 0.07637030472664098, ""volume_z_20"": 0.1154259541201313, ""gap_pct"": 0.004337721058111255, ""dow"": 3.0, ""month"": 6.0, ""pcr_oi"": 0.0, ""pcr_vol"": 0.0, ""oi_imbalance"": 0.0, ""atm_iv_skew"": 0.0, ""max_ce_oi_distance_pct"": 0.0, ""max_pe_oi_distance_pct"": 0.0, ""atm_premium_ratio"": 0.0}",1,,-0.0045622713668107,PE,0.0,-0.9991939995722354,2026-08-05T17:42:16.016547+00:00
2026-06-29,23946.25,CE,1,0.5547742110290027,0.5547742110290027,,,"{""return_1d"": -0.004562271366810755, ""return_2d"": -0.0031388513860990397, ""return_3d"": 0.005127177632221258, ""return_5d"": -0.002783880900943836, ""return_10d"": 0.01368797243471942, ""return_20d"": 0.016923060589652872, ""volatility_5d"": 0.007713249624994452, ""volatility_10d"": 0.006807211015456968, ""volatility_20d"": 0.007410376679626243, ""vol_ratio_5_20"": 1.0408714642267665, ""rsi_14"": 53.89038285093027, ""rsi_slope_3"": 1.982179752727724, ""ma_ratio_5_20"": 0.013354943700984556, ""ma_ratio_10_50"": 0.006701934045671987, ""trend_20"": 0.011499319370522398, ""high_low_range"": 0.008161996920185833, ""atr_pct_14"": 0.010412159346825853, ""close_location"": 0.11102228440091935, ""volume_z_20"": 2.676977043167357, ""gap_pct"": 0.00023902560691713148, ""dow"": 0.0, ""month"": 6.0, ""pcr_oi"": 0.0, ""pcr_vol"": 0.0, ""oi_imbalance"": 0.0, ""atm_iv_skew"": 0.0, ""max_ce_oi_distance_pct"": 0.0, ""max_pe_oi_distance_pct"": 0.0, ""atm_premium_ratio"": 0.0}",1,,-0.0033616954637991,PE,0.0,-0.9277706007587944,2026-08-05T17:42:16.016560+00:00
2026-06-30,23865.75,PE,0,0.4956668085624147,0.5043331914375853,,,"{""return_1d"": -0.0033616954637991636, ""return_2d"": -0.007908629863651484, ""return_3d"": -0.0064899949874319685, ""return_5d"": -0.009839081055873278, ""return_10d"": 0.000496757728545516, ""return_20d"": 0.020662817594981453, ""volatility_5d"": 0.007376130849213711, ""volatility_10d"": 0.006251732286026546, ""volatility_20d"": 0.007249266643062612, ""vol_ratio_5_20"": 1.0175002813936367, ""rsi_14"": 51.685853134822075, ""rsi_slope_3"": -4.5546271541572665, ""ma_ratio_5_20"": 0.010320523216110544, ""ma_ratio_10_50"": 0.0070311893569159345, ""trend_20"": 0.007071327518555437, ""high_low_range"": 0.008646347275907943, ""atr_pct_14"": 0.010541259160243085, ""close_location"": 0.17712868663158293, ""volume_z_20"": 0.7063731265736158, ""gap_pct"": 0.003583057107062748, ""dow"": 1.0, ""month"": 6.0, ""pcr_oi"": 0.0, ""pcr_vol"": 0.0, ""oi_imbalance"": 0.0, ""atm_iv_skew"": 0.0, ""max_ce_oi_distance_pct"": 0.0, ""max_pe_oi_distance_pct"": 0.0, ""atm_premium_ratio"": 0.0}",1,,0.0058703208311072,CE,0.0,-1.0964527193405595,2026-08-05T17:42:16.016572+00:00
2026-07-01,24005.849609375,CE,1,0.5243122676317338,0.5243122676317338,,,"{""return_1d"": 0.0058703208311072785, ""return_2d"": 0.002488891136399163, ""return_3d"": -0.002084735227178225, ""return_5d"": 0.00762882975558421, ""return_10d"": 0.0006961154721230045, ""return_20d"": 0.022241050043506183, ""volatility_5d"": 0.005603976099895327, ""volatility_10d"": 0.006271974351685205, ""volatility_20d"": 0.007294305250936923, ""vol_ratio_5_20"": 0.7682672862059783, ""rsi_14"": 55.12635474983766, ""rsi_slope_3"": -1.8400321922213152, ""ma_ratio_5_20"": 0.010740579615094115, ""ma_ratio_10_50"": 0.007395094657410173, ""trend_20"": 0.011868099650631958, ""high_low_range"": 0.006448460844707854, ""atr_pct_14"": 0.010311329554686175, ""close_location"": 0.7154356658002977, ""volume_z_20"": -0.5546707434686595, ""gap_pct"": 0.001336659883934166, ""dow"": 2.0, ""month"": 7.0, ""pcr_oi"": 0.0, ""pcr_vol"": 0.0, ""oi_imbalance"": 0.0, ""atm_iv_skew"": 0.0, ""max_ce_oi_distance_pct"": 0.0, ""max_pe_oi_distance_pct"": 0.0, ""atm_premium_ratio"": 0.0}",1,,0.0070753425577017,CE,1.0,1.266250047771712,2026-08-05T17:42:16.016584+00:00
2026-07-02,24175.69921875,PE,0,0.486126396093651,0.513873603906349,,,"{""return_1d"": 0.007075342557701703, ""return_2d"": 0.01298719791961278, ""return_3d"": 0.009581843451479832, ""return_5d"": 0.006412916082781717, ""return_10d"": 0.00373665714175897, ""return_20d"": 0.032902366195589394, ""volatility_5d"": 0.005252534197551755, ""volatility_10d"": 0.006552674291762371, ""volatility_20d"": 0.0073311468927095775, ""vol_ratio_5_20"": 0.7164682790321814, ""rsi_14"": 58.94352412461663, ""rsi_slope_3"": 5.053141273686357, ""ma_ratio_5_20"": 0.010399341072021562, ""ma_ratio_10_50"": 0.007932718403546923, ""trend_20"": 0.017376191707004773, ""high_low_range"": 0.0056151426592334535, ""atr_pct_14"": 0.010041824807798323, ""close_location"": 0.8611302946593001, ""volume_z_20"": -0.19582899696647096, ""gap_pct"": 0.0023473282675650076, ""dow"": 3.0, ""month"": 7.0, ""pcr_oi"": 0.0, ""pcr_vol"": 0.0, ""oi_imbalance"": 0.0, ""atm_iv_skew"": 0.0, ""max_ce_oi_distance_pct"": 0.0, ""max_pe_oi_distance_pct"": 0.0, ""atm_premium_ratio"": 0.0}",1,,0.0039357865004874,CE,0.0,-0.9183729625486352,2026-08-05T17:42:16.016596+00:00
2026-07-03,24270.849609375,PE,0,0.4893131026801247,0.5106868973198753,,,"{""return_1d"": 0.003935786500487426, ""return_2d"": 0.0110389760959142, ""return_3d"": 0.01697409925835136, ""return_5d"": 0.008931227526396635, ""return_10d"": 0.004255611112835123, ""return_20d"": 0.036482692780229975, ""volatility_5d"": 0.005387011467706196, ""volatility_10d"": 0.0065812726943830745, ""volatility_20d"": 0.007342832596144001, ""vol_ratio_5_20"": 0.7336421465654984, ""rsi_14"": 60.94766301340288, ""rsi_slope_3"": 9.261809878580806, ""ma_ratio_5_20"": 0.01039139220652463, ""ma_ratio_10_50"": 0.00862316950693276, ""trend_20"": 0.01954767352018716, ""high_low_range"": 0.005183204678644931, ""atr_pct_14"": 0.00917460106700189, ""close_location"": 0.14705791026238163, ""volume_z_20"": -0.8155942946698516, ""gap_pct"": 0.00827075031277369, ""dow"": 4.0, ""month"": 7.0, ""pcr_oi"": 0.0, ""pcr_vol"": 0.0, ""oi_imbalance"": 0.0, ""atm_iv_skew"": 0.0, ""max_ce_oi_distance_pct"": 0.0, ""max_pe_oi_distance_pct"": 0.0, ""atm_premium_ratio"": 0.0}",1,,0.0065716694127753,CE,0.0,-1.181899989844306,2026-08-05T17:42:16.016609+00:00
2026-07-06,24430.349609375,CE,1,0.5218851662341978,0.5218851662341978,,,"{""return_1d"": 0.006571669412775316, ""return_2d"": 0.010533320601023188, ""return_3d"": 0.01768319001024743, ""return_5d"": 0.020216092681526243, ""return_10d"": 0.01737593258627479, ""return_20d"": 0.04551992477275091, ""volatility_5d"": 0.004294366287320156, ""volatility_10d"": 0.006355584249282317, ""volatility_20d"": 0.007354365609661285, ""vol_ratio_5_20"": 0.5839206962567556, ""rsi_14"": 64.1103095329399, ""rsi_slope_3"": 8.983954783102234, ""ma_ratio_5_20"": 0.012197223214301278, ""ma_ratio_10_50"": 0.010330325137251739, ""trend_20"": 0.023960232911730994, ""high_low_range"": 0.007022035459704122, ""atr_pct_14"": 0.008527905149630864, ""close_location"": 0.8350297151444771, ""volume_z_20"": -0.7365833136950716, ""gap_pct"": 0.0014832608078991782, ""dow"": 0.0, ""month"": 7.0, ""pcr_oi"": 0.0, ""pcr_vol"": 0.0, ""oi_imbalance"": 0.0, ""atm_iv_skew"": 0.0, ""max_ce_oi_distance_pct"": 0.0, ""max_pe_oi_distance_pct"": 0.0, ""atm_premium_ratio"": 0.0}",1,,-0.0012955357222089,PE,0.0,-0.6571093413836722,2026-08-05T17:42:16.016621+00:00
2026-07-07,24398.69921875,CE,1,0.522008799072094,0.522008799072094,,,"{""return_1d"": -0.0012955357222089736, ""return_2d"": 0.005267619858087436, ""return_3d"": 0.009224138585702146, ""return_5d"": 0.02233113221876537, ""return_10d"": 0.012272333342922215, ""return_20d"": 0.0551701430934568, ""volatility_5d"": 0.003416324926180911, ""volatility_10d"": 0.006379180199484945, ""volatility_20d"": 0.006787028135374039, ""vol_ratio_5_20"": 0.5033609494522354, ""rsi_14"": 63.01966608531291, ""rsi_slope_3"": 4.076141960696283, ""ma_ratio_5_20"": 0.013954018184276329, ""ma_ratio_10_50"": 0.011380347442662586, ""trend_20"": 0.019906987799154674, ""high_low_range"": 0.0074574128007272415, ""atr_pct_14"": 0.008636314660089302, ""close_location"": 0.2734250045620928, ""volume_z_20"": 0.4501323750461, ""gap_pct"": 0.0013957888413480557, ""dow"": 1.0, ""month"": 7.0, ""pcr_oi"": 0.0, ""pcr_vol"": 0.0, ""oi_imbalance"": 0.0, ""atm_iv_skew"": 0.0, ""max_ce_oi_distance_pct"": 0.0, ""max_pe_oi_distance_pct"": 0.0, ""atm_premium_ratio"": 0.0}",1,,-0.0211752451582731,PE,0.0,-2.732741658097565,2026-08-05T17:42:16.016634+00:00
2026-07-08,23882.05078125,CE,1,0.517619371703157,0.517619371703157,,,"{""return_1d"": -0.02117524515827318, ""return_2d"": -0.022443347593953167, ""return_3d"": -0.01601916844208129, ""return_5d"": -0.005157027563675642, ""return_10d"": 0.002432460106580381, ""return_20d"": 0.027534137734134267, ""volatility_5d"": 0.011768906836133816, ""volatility_10d"": 0.008790228313305757, ""volatility_20d"": 0.008599673497938182, ""vol_ratio_5_20"": 1.3685294957948664, ""rsi_14"": 48.51181282998679, ""rsi_slope_3"": -12.435850183416093, ""ma_ratio_5_20"": 0.011565995694542641, ""ma_ratio_10_50"": 0.011637049542018607, ""trend_20"": -0.003023301074343898, ""high_low_range"": 0.02071852144450142, ""atr_pct_14"": 0.010184001616014904, ""close_location"": 0.15531819150699855, ""volume_z_20"": 0.5487528558624604, ""gap_pct"": -0.005703108852338601, ""dow"": 2.0, ""month"": 7.0, ""pcr_oi"": 0.0, ""pcr_vol"": 0.0, ""oi_imbalance"": 0.0, ""atm_iv_skew"": 0.0, ""max_ce_oi_distance_pct"": 0.0, ""max_pe_oi_distance_pct"": 0.0, ""atm_premium_ratio"": 0.0}",1,,0.0033812004144717,CE,1.0,0.8676543385314226,2026-08-05T17:42:16.016646+00:00
2026-07-09,23962.80078125,CE,1,0.5110569620329706,0.5110569620329706,,,"{""return_1d"": 0.0033812004144717633, ""return_2d"": -0.017865642491507017, ""return_3d"": -0.019138032635668045, ""return_5d"": -0.008806299068069179, ""return_10d"": -0.002449857042210901, ""return_20d"": 0.032214223492506466, ""volatility_5d"": 0.011241092233895293, ""volatility_10d"": 0.008422235709292018, ""volatility_20d"": 0.008588489398489033, ""vol_ratio_5_20"": 1.3088555754488014, ""rsi_14"": 50.432498000689066, ""rsi_slope_3"": -13.677811532250828, ""ma_ratio_5_20"": 0.008214661889564656, ""ma_ratio_10_50"": 0.011500356955961966, ""trend_20"": -0.0012114172961222858, ""high_low_range"": 0.00872185191989472, ""atr_pct_14"": 0.01044880086296331, ""close_location"": 0.17751943779904306, ""volume_z_20"": 0.029338503892613096, ""gap_pct"": 0.00196375252400105, ""dow"": 3.0, ""month"": 7.0, ""pcr_oi"": 0.0, ""pcr_vol"": 0.0, ""oi_imbalance"": 0.0, ""atm_iv_skew"": 0.0, ""max_ce_oi_distance_pct"": 0.0, ""max_pe_oi_distance_pct"": 0.0, ""atm_premium_ratio"": 0.0}",1,,0.010186605964942,CE,1.0,1.5522441416070127,2026-08-05T17:42:16.016659+00:00
2026-07-10,24206.900390625,CE,1,0.5008583129381257,0.5008583129381257,,,"{""return_1d"": 0.01018660596494203, ""return_2d"": 0.013602249335724625, ""return_3d"": -0.007861026786936454, ""return_5d"": -0.0026348158296567448, ""return_10d"": 0.006272879557075228, ""return_20d"": 0.04513076811961203, ""volatility_5d"": 0.012322425895863328, ""volatility_10d"": 0.00904428588073219, ""volatility_20d"": 0.008740953142649974, ""vol_ratio_5_20"": 1.4097348074934957, ""rsi_14"": 55.80008677149362, ""rsi_slope_3"": -7.219579313819295, ""ma_ratio_5_20"": 0.0054911604573963935, ""ma_ratio_10_50"": 0.011954305566202361, ""trend_20"": 0.006769652729729403, ""high_low_range"": 0.004465652670544532, ""atr_pct_14"": 0.010342105055986437, ""close_location"": 0.8006576688890094, ""volume_z_20"": -0.9484885811148217, ""gap_pct"": 0.006756240181518436, ""dow"": 4.0, ""month"": 7.0, ""pcr_oi"": 0.0, ""pcr_vol"": 0.0, ""oi_imbalance"": 0.0, ""atm_iv_skew"": 0.0, ""max_ce_oi_distance_pct"": 0.0, ""max_pe_oi_distance_pct"": 0.0, ""atm_premium_ratio"": 0.0}",1,,0.0001693570555851,CE,1.0,0.5178230907670384,2026-08-05T17:42:16.016671+00:00
2026-07-13,24211.0,CE,1,0.5701000648514899,0.5701000648514899,,,"{""return_1d"": 0.0001693570555851842, ""return_2d"": 0.010357688194119863, ""return_3d"": 0.013773910028206604, ""return_5d"": -0.00897857021623738, ""return_10d"": 0.011056010857649845, ""return_20d"": 0.024895317664227035, ""volatility_5d"": 0.011726490787142725, ""volatility_10d"": 0.008862511385126578, ""volatility_20d"": 0.007692243268749417, ""vol_ratio_5_20"": 1.52445656974772, ""rsi_14"": 55.88648680794781, ""rsi_slope_3"": 7.374673977961024, ""ma_ratio_5_20"": 0.0024406583217977396, ""ma_ratio_10_50"": 0.013036961377218548, ""trend_20"": 0.005710214112117473, ""high_low_range"": 0.010722463446367354, ""atr_pct_14"": 0.01064909895590552, ""close_location"": 0.8120166119955461, ""volume_z_20"": -0.7822644860920652, ""gap_pct"": -0.006919514572170105, ""dow"": 0.0, ""month"": 7.0, ""pcr_oi"": 0.0, ""pcr_vol"": 0.0, ""oi_imbalance"": 0.0, ""atm_iv_skew"": 0.0, ""max_ce_oi_distance_pct"": 0.0, ""max_pe_oi_distance_pct"": 0.0, ""atm_premium_ratio"": 0.0}",1,,-0.0065651653690471,PE,0.0,-1.3186603053823989,2026-08-05T17:42:16.016683+00:00
2026-07-14,24052.05078125,CE,1,0.5599338765117016,0.5599338765117016,,,"{""return_1d"": -0.006565165369047166, ""return_2d"": -0.006396920170538278, ""return_3d"": 0.003724522889237303, ""return_5d"": -0.014207660596660232, ""return_10d"": 0.007806198474801684, ""return_20d"": 0.008306833992770324, ""volatility_5d"": 0.011911153986393148, ""volatility_10d"": 0.009097912023251978, ""volatility_20d"": 0.007607143605355555, ""vol_ratio_5_20"": 1.5657853465534026, ""rsi_14"": 51.66927440479508, ""rsi_slope_3"": 1.236776404106017, ""ma_ratio_5_20"": -0.0008504570561438385, ""ma_ratio_10_50"": 0.013772371823592477, ""trend_20"": -0.001303455651915586, ""high_low_range"": 0.00554632084549703, ""atr_pct_14"": 0.010234662431679805, ""close_location"": 0.21252983118841598, ""volume_z_20"": -0.29074668820472505, ""gap_pct"": -0.005906406179009505, ""dow"": 1.0, ""month"": 7.0, ""pcr_oi"": 0.0, ""pcr_vol"": 0.0, ""oi_imbalance"": 0.0, ""atm_iv_skew"": 0.0, ""max_ce_oi_distance_pct"": 0.0, ""max_pe_oi_distance_pct"": 0.0, ""atm_premium_ratio"": 0.0}",1,,0.0010996658451518,CE,1.0,0.6830819084203816,2026-08-05T17:42:16.016696+00:00
2026-07-15,24078.5,CE,1,0.5322991232571335,0.5322991232571335,,,"{""return_1d"": 0.0010996658451518648, ""return_2d"": -0.005472719012019289, ""return_3d"": -0.0053042888000121025, ""return_5d"": 0.008225810276906165, ""return_10d"": 0.003026361982898962, ""return_20d"": 0.0037245841524224943, ""volatility_5d"": 0.006038516284286443, ""volatility_10d"": 0.008926869659511389, ""volatility_20d"": 0.00750983595308134, ""vol_ratio_5_20"": 0.8040809841936423, ""rsi_14"": 52.314108080658805, ""rsi_slope_3"": -3.4859786908348127, ""ma_ratio_5_20"": 0.0005953372339382312, ""ma_ratio_10_50"": 0.014111947630081945, ""trend_20"": -0.0003906507850934826, ""high_low_range"": 0.00871311867952738, ""atr_pct_14"": 0.009953463921207124, ""close_location"": 0.32387797089846115, ""volume_z_20"": -0.9465110954596152, ""gap_pct"": 0.00140523685204208, ""dow"": 2.0, ""month"": 7.0, ""pcr_oi"": 0.0, ""pcr_vol"": 0.0, ""oi_imbalance"": 0.0, ""atm_iv_skew"": 0.0, ""max_ce_oi_distance_pct"": 0.0, ""max_pe_oi_distance_pct"": 0.0, ""atm_premium_ratio"": 0.0}",1,,-0.0002388022509708,PE,0.0,-0.5577219690218548,2026-08-05T17:42:16.016710+00:00
2026-07-16,24072.75,CE,1,0.5161814730086259,0.5161814730086259,,,"{""return_1d"": -0.00023880225097083763, ""return_2d"": 0.0008606009915019808, ""return_3d"": -0.0057102143653711135, ""return_5d"": 0.004588329208830677, ""return_10d"": -0.004258376058474234, ""return_20d"": -0.0005376310080265068, ""volatility_5d"": 0.005996576528265707, ""volatility_10d"": 0.008607475093306147, ""volatility_20d"": 0.007456258711101849, ""vol_ratio_5_20"": 0.8042339678124665, ""rsi_14"": 52.15120532733244, ""rsi_slope_3"": -3.7352814806153702, ""ma_ratio_5_20"": 0.0015351571966719657, ""ma_ratio_10_50"": 0.013645958020980231, ""trend_20"": -0.000602496859076429, ""high_low_range"": 0.005670311867152693, ""atr_pct_14"": 0.009648887273621478, ""close_location"": 0.16666666666666666, ""volume_z_20"": -1.3945200768627388, ""gap_pct"": 0.002641344326889117, ""dow"": 3.0, ""month"": 7.0, ""pcr_oi"": 0.0, ""pcr_vol"": 0.0, ""oi_imbalance"": 0.0, ""atm_iv_skew"": 0.0, ""max_ce_oi_distance_pct"": 0.0, ""max_pe_oi_distance_pct"": 0.0, ""atm_premium_ratio"": 0.0}",1,,0.010865014643113,CE,1.0,1.6378453255571048,2026-08-05T17:42:16.016724+00:00
2026-07-17,24334.30078125,CE,1,0.538445525143484,0.538445525143484,,,"{""return_1d"": 0.010865014643113069, ""return_2d"": 0.010623617802188567, ""return_3d"": 0.01173496607698965, ""return_5d"": 0.0052629782652529045, ""return_10d"": 0.0026142954571517496, ""return_20d"": 0.006881031994786513, ""volatility_5d"": 0.006260251267675819, ""volatility_10d"": 0.009249632847257369, ""volatility_20d"": 0.00781336228222413, ""vol_ratio_5_20"": 0.8012237294971292, ""rsi_14"": 58.484032335075014, ""rsi_slope_3"": 6.8147579302799315, ""ma_ratio_5_20"": 0.0022470004443648772, ""ma_ratio_10_50"": 0.013909356538828632, ""trend_20"": 0.009907346765210212, ""high_low_range"": 0.011023534327589608, ""atr_pct_14"": 0.009836071983470019, ""close_location"": 0.8769804287045666, ""volume_z_20"": 0.1857533374660965, ""gap_pct"": 0.002278493706576956, ""dow"": 4.0, ""month"": 7.0, ""pcr_oi"": 0.0, ""pcr_vol"": 0.0, ""oi_imbalance"": 0.0, ""atm_iv_skew"": 0.0, ""max_ce_oi_distance_pct"": 0.0, ""max_pe_oi_distance_pct"": 0.0, ""atm_premium_ratio"": 0.0}",1,,-0.0039368618852535,PE,0.0,-0.962402658188027,2026-08-05T17:42:16.016736+00:00
2026-07-20,24238.5,CE,1,0.5712682122490124,0.5712682122490124,,,"{""return_1d"": -0.003936861885253551, ""return_2d"": 0.0068853786958282814, ""return_3d"": 0.006644932200926101, ""return_5d"": 0.0011358473421172466, ""return_10d"": -0.007852921159236304, ""return_20d"": 0.009386559598370203, ""volatility_5d"": 0.006663624206501772, ""volatility_10d"": 0.009052765156054625, ""volatility_20d"": 0.0077194149457212756, ""vol_ratio_5_20"": 0.8632291764799211, ""rsi_14"": 55.58227777717964, ""rsi_slope_3"": 3.268169696520836, ""ma_ratio_5_20"": 0.0020065980750356704, ""ma_ratio_10_50"": 0.013179283015234189, ""trend_20"": 0.005461205206788611, ""high_low_range"": 0.0053736823648328075, ""atr_pct_14"": 0.009851666585626763, ""close_location"": 0.7881028071017274, ""volume_z_20"": -0.211802924700416, ""gap_pct"": -0.005927846511667445, ""dow"": 0.0, ""month"": 7.0, ""pcr_oi"": 0.0, ""pcr_vol"": 0.0, ""oi_imbalance"": 0.0, ""atm_iv_skew"": 0.0, ""max_ce_oi_distance_pct"": 0.0, ""max_pe_oi_distance_pct"": 0.0, ""atm_premium_ratio"": 0.0}",1,,-0.0020958714957608,PE,0.0,-0.810729164746405,2026-08-05T17:42:16.016749+00:00
2026-07-21,24187.69921875,CE,1,0.5660385748567697,0.5660385748567697,,,"{""return_1d"": -0.002095871495760848, ""return_2d"": -0.0060244822244064355, ""return_3d"": 0.004775076331121397, ""return_5d"": 0.005639786758048437, ""return_10d"": -0.008648002014707834, ""return_20d"": 0.003518200164739582, ""volatility_5d"": 0.0057602954316708045, ""volatility_10d"": 0.009061647854618942, ""volatility_20d"": 0.007700609163544386, ""vol_ratio_5_20"": 0.7480311374508836, ""rsi_14"": 54.05079719633853, ""rsi_slope_3"": 1.8995918690060876, ""ma_ratio_5_20"": 0.0029555904519029674, ""ma_ratio_10_50"": 0.012284021362285236, ""trend_20"": 0.003177447668007538, ""high_low_range"": 0.005231949801447049, ""atr_pct_14"": 0.009702254897909778, ""close_location"": 0.411294429953853, ""volume_z_20"": -0.7998719135041399, ""gap_pct"": -0.0009261801988571516, ""dow"": 1.0, ""month"": 7.0, ""pcr_oi"": 0.0, ""pcr_vol"": 0.0, ""oi_imbalance"": 0.0, ""atm_iv_skew"": 0.0, ""max_ce_oi_distance_pct"": 0.0, ""max_pe_oi_distance_pct"": 0.0, ""atm_premium_ratio"": 0.0}",1,,-0.0079151479856997,PE,0.0,-1.4620943919779474,2026-08-05T17:42:16.016761+00:00
2026-07-22,23996.25,CE,1,0.5621285862316803,0.5621285862316803,,,"{""return_1d"": -0.0079151479856997, ""return_2d"": -0.00999443034841263, ""return_3d"": -0.013891945541762762, ""return_5d"": -0.003415910459538596, ""return_10d"": 0.004781801186004353, ""return_20d"": 0.0072258928332074035, ""volatility_5d"": 0.007043436647344685, ""volatility_10d"": 0.006304630147076323, ""volatility_20d"": 0.007445887734801312, ""vol_ratio_5_20"": 0.9459498851190554, ""rsi_14"": 48.61443608592338, ""rsi_slope_3"": -9.869596249151634, ""ma_ratio_5_20"": 0.0019156535947630893, ""ma_ratio_10_50"": 0.012609931593894341, ""trend_20"": -0.005118017430622124, ""high_low_range"": 0.008538850471427828, ""atr_pct_14"": 0.00989157764606077, ""close_location"": 0.17008073663841997, ""volume_z_20"": -0.9128195771364894, ""gap_pct"": -0.0015400389951568672, ""dow"": 2.0, ""month"": 7.0, ""pcr_oi"": 0.0, ""pcr_vol"": 0.0, ""oi_imbalance"": 0.0, ""atm_iv_skew"": 0.0, ""max_ce_oi_distance_pct"": 0.0, ""max_pe_oi_distance_pct"": 0.0, ""atm_premium_ratio"": 0.0}",1,,-0.0052779242850445,PE,0.0,-1.1555030095496734,2026-08-05T17:42:16.016774+00:00
2026-07-23,23869.599609375,CE,1,0.5754210173124967,0.5754210173124967,,,"{""return_1d"": -0.0052779242850445884, ""return_2d"": -0.013151296718970862, ""return_3d"": -0.015219604786806062, ""return_5d"": -0.008439018833535816, ""return_10d"": -0.003889410621312983, ""return_20d"": -0.006329739163523085, ""volatility_5d"": 0.007322321851050797, ""volatility_10d"": 0.006456983306346662, ""volatility_20d"": 0.007304522016636334, ""vol_ratio_5_20"": 1.0024368239802581, ""rsi_14"": 45.36390555596143, ""rsi_slope_3"": -10.21837222121821, ""ma_ratio_5_20"": 0.0005465075839818923, ""ma_ratio_10_50"": 0.011802801137978491, ""trend_20"": -0.010056898682276216, ""high_low_range"": 0.0076897302113902565, ""atr_pct_14"": 0.009903961658305633, ""close_location"": 0.339962544425291, ""volume_z_20"": -0.32967636105363785, ""gap_pct"": -0.0038109795801427593, ""dow"": 3.0, ""month"": 7.0, ""pcr_oi"": 0.0, ""pcr_vol"": 0.0, ""oi_imbalance"": 0.0, ""atm_iv_skew"": 0.0, ""max_ce_oi_distance_pct"": 0.0, ""max_pe_oi_distance_pct"": 0.0, ""atm_premium_ratio"": 0.0}",1,,-0.0042795183956449,PE,0.0,-1.0679259830784145,2026-08-05T17:42:16.016786+00:00
2026-07-24,23767.44921875,CE,1,0.5201007588315816,0.5201007588315816,,,"{""return_1d"": -0.004279518395644999, ""return_2d"": -0.009534855706620826, ""return_3d"": -0.017374533898380395, ""return_5d"": -0.023294343552158647, ""return_10d"": -0.01815396291072413, ""return_20d"": -0.01199496097647157, ""volatility_5d"": 0.002133766459131901, ""volatility_10d"": 0.005355400342892227, ""volatility_20d"": 0.007345139212686441, ""vol_ratio_5_20"": 0.2905004789353051, ""rsi_14"": 42.8739007965717, ""rsi_slope_3"": -11.176896399766832, ""ma_ratio_5_20"": -0.0035590723101092125, ""ma_ratio_10_50"": 0.009659197631080696, ""trend_20"": -0.013703224916570611, ""high_low_range"": 0.009142707159065865, ""atr_pct_14"": 0.010173423102279484, ""close_location"": 0.7415982814564477, ""volume_z_20"": -0.40313372975321066, ""gap_pct"": -0.00851501505371588, ""dow"": 4.0, ""month"": 7.0, ""pcr_oi"": 0.0, ""pcr_vol"": 0.0, ""oi_imbalance"": 0.0, ""atm_iv_skew"": 0.0, ""max_ce_oi_distance_pct"": 0.0, ""max_pe_oi_distance_pct"": 0.0, ""atm_premium_ratio"": 0.0}",1,,0.0096139891957669,CE,1.0,1.5201493740549847,2026-08-05T17:42:16.016798+00:00
2026-07-27,23995.94921875,CE,1,0.548588439141986,0.548588439141986,,,"{""return_1d"": 0.009613989195766948, ""return_2d"": 0.005293327556503025, ""return_3d"": -1.2534510600570314e-05, ""return_5d"": -0.010006839583720062, ""return_10d"": -0.008882358483747077, ""return_20d"": 0.002075448922065126, ""volatility_5d"": 0.006815854481798797, ""volatility_10d"": 0.006463010411065372, ""volatility_20d"": 0.0076192579841670854, ""vol_ratio_5_20"": 0.8945562016619241, ""rsi_14"": 49.545371842013935, ""rsi_slope_3"": 0.9309357560905553, ""ma_ratio_5_20"": -0.005674672139921011, ""ma_ratio_10_50"": 0.008498458149023502, ""trend_20"": -0.004323652923985177, ""high_low_range"": 0.005002878903877493, ""atr_pct_14"": 0.010261695257763116, ""close_location"": 0.8696331245424225, ""volume_z_20"": -0.6447106948716346, ""gap_pct"": 0.006771916093883057, ""dow"": 0.0, ""month"": 7.0, ""pcr_oi"": 0.0, ""pcr_vol"": 0.0, ""oi_imbalance"": 0.0, ""atm_iv_skew"": 0.0, ""max_ce_oi_distance_pct"": 0.0, ""max_pe_oi_distance_pct"": 0.0, ""atm_premium_ratio"": 0.0}",1,,-0.0004417249460887,PE,0.0,-0.5970534788829659,2026-08-05T17:42:16.016811+00:00
2026-07-28,23985.349609375,CE,1,0.5276962755866131,0.5276962755866131,,,"{""return_1d"": -0.0004417249460887396, ""return_2d"": 0.00916801751081886, ""return_3d"": 0.004849264415584864, ""return_5d"": -0.008365806418584087, ""return_10d"": -0.002773201024795724, ""return_20d"": 0.005011349292395995, ""volatility_5d"": 0.006849546619163594, ""volatility_10d"": 0.006146099876431982, ""volatility_20d"": 0.007576658878285108, ""vol_ratio_5_20"": 0.9040325992231965, ""rsi_14"": 49.25799477786303, ""rsi_slope_3"": 3.894089221901602, ""ma_ratio_5_20"": -0.007600156161654437, ""ma_ratio_10_50"": 0.007930005436247667, ""trend_20"": -0.005010355209428052, ""high_low_range"": 0.0036084852903778583, ""atr_pct_14"": 0.008756531100940722, ""close_location"": 0.3552827548855892, ""volume_z_20"": 2.051971617843405, ""gap_pct"": -0.0010293078437880743, ""dow"": 1.0, ""month"": 7.0, ""pcr_oi"": 0.0, ""pcr_vol"": 0.0, ""oi_imbalance"": 0.0, ""atm_iv_skew"": 0.0, ""max_ce_oi_distance_pct"": 0.0, ""max_pe_oi_distance_pct"": 0.0, ""atm_premium_ratio"": 0.0}",1,,0.0110421408771743,CE,1.0,1.6930755986641353,2026-08-05T17:42:16.016824+00:00
2026-07-29,24250.19921875,PE,0,0.4581767141823996,0.5418232858176004,,,"{""return_1d"": 0.011042140877174367, ""return_2d"": 0.010595538342001998, ""return_3d"": 0.020311392928912264, ""return_5d"": 0.010582871021513673, ""return_10d"": 0.007130810422160794, ""return_20d"": 0.010178752818628567, ""volatility_5d"": 0.007713776265183382, ""volatility_10d"": 0.007117970918250472, ""volatility_20d"": 0.007860532220687147, ""vol_ratio_5_20"": 0.9813300230336138, ""rsi_14"": 56.1085135419815, ""rsi_slope_3"": 13.234612745409805, ""ma_ratio_5_20"": -0.00599701074466874, ""ma_ratio_10_50"": 0.008142346236650777, ""trend_20"": 0.005466869412018127, ""high_low_range"": 0.006053590732421496, ""atr_pct_14"": 0.008795071110079477, ""close_location"": 0.7728107288257364, ""volume_z_20"": 1.5459165051164838, ""gap_pct"": 0.007975734536520118, ""dow"": 2.0, ""month"": 7.0, ""pcr_oi"": 0.0, ""pcr_vol"": 0.0, ""oi_imbalance"": 0.0, ""atm_iv_skew"": 0.0, ""max_ce_oi_distance_pct"": 0.0, ""max_pe_oi_distance_pct"": 0.0, ""atm_premium_ratio"": 0.0}",1,,0.0027608503860552,CE,0.0,-0.8410018913822469,2026-08-05T17:42:16.016838+00:00
2026-07-30,24317.150390625,CE,1,0.5023690953438037,0.5023690953438037,,,"{""return_1d"": 0.0027608503860552247, ""return_2d"": 0.013833476962133107, ""return_3d"": 0.013385641424179084, ""return_5d"": 0.01874982356529431, ""return_10d"": 0.010152574617565469, ""return_20d"": 0.005850965078407988, ""volatility_5d"": 0.006530375938967258, ""volatility_10d"": 0.007135625801422062, ""volatility_20d"": 0.00772973460029221, ""vol_ratio_5_20"": 0.8448383129118544, ""rsi_14"": 57.66449393391866, ""rsi_slope_3"": 8.119122091904728, ""ma_ratio_5_20"": -0.0025782096571342894, ""ma_ratio_10_50"": 0.00857530741878132, ""trend_20"": 0.007947238612669771, ""high_low_range"": 0.006409040815698732, ""atr_pct_14"": 0.008448335838075959, ""close_location"": 0.8344633122376088, ""volume_z_20"": 0.9922385699299948, ""gap_pct"": -2.673947105136243e-05, ""dow"": 3.0, ""month"": 7.0, ""pcr_oi"": 0.0, ""pcr_vol"": 0.0, ""oi_imbalance"": 0.0, ""atm_iv_skew"": 0.0, ""max_ce_oi_distance_pct"": 0.0, ""max_pe_oi_distance_pct"": 0.0, ""atm_premium_ratio"": 0.0}",1,,0.0027326071386892,CE,1.0,0.7769245705824744,2026-08-05T17:42:16.016850+00:00
2026-07-31,24383.599609375,PE,0,0.4923548244115246,0.5076451755884754,,,"{""return_1d"": 0.0027326071386892803, ""return_2d"": 0.00550100184421809, ""return_3d"": 0.016603885558722054, ""return_5d"": 0.025924127783090833, ""return_10d"": 0.002025898692062933, ""return_20d"": 0.004645490446961942, ""volatility_5d"": 0.004936177178282942, ""volatility_10d"": 0.006305808541488133, ""volatility_20d"": 0.007704756088728845, ""vol_ratio_5_20"": 0.64066624841038, ""rsi_14"": 59.21007955410133, ""rsi_slope_3"": 9.952084776238294, ""ma_ratio_5_20"": 0.0022954728643505007, ""ma_ratio_10_50"": 0.008170085190511989, ""trend_20"": 0.010465442234249833, ""high_low_range"": 0.0053191970813502255, ""atr_pct_14"": 0.008044786534274578, ""close_location"": 0.6468745764753716, ""volume_z_20"": 1.1047527071313967, ""gap_pct"": 0.0018217113195171386, ""dow"": 4.0, ""month"": 7.0, ""pcr_oi"": 0.0, ""pcr_vol"": 0.0, ""oi_imbalance"": 0.0, ""atm_iv_skew"": 0.0, ""max_ce_oi_distance_pct"": 0.0, ""max_pe_oi_distance_pct"": 0.0, ""atm_premium_ratio"": 0.0}",1,,0.0160231129994761,CE,0.0,-2.134456378007083,2026-08-05T17:42:16.016862+00:00
2026-08-03,24774.30078125,CE,1,0.5152644897263899,0.5152644897263899,,,"{""return_1d"": 0.01602311299947612, ""return_2d"": 0.018799505011131812, ""return_3d"": 0.021612258017854602, ""return_5d"": 0.032436789868341975, ""return_10d"": 0.02210536053179868, ""return_20d"": 0.01407884771910961, ""volatility_5d"": 0.0068493324329432555, ""volatility_10d"": 0.007820753573830106, ""volatility_20d"": 0.008373117701357784, ""vol_ratio_5_20"": 0.8180145887394571, ""rsi_14"": 66.86892575744429, ""rsi_slope_3"": 10.760412215462786, ""ma_ratio_5_20"": 0.008028113897383005, ""ma_ratio_10_50"": 0.009465945438404288, ""trend_20"": 0.0259250948479548, ""high_low_range"": 0.010460452261124298, ""atr_pct_14"": 0.008504355177783933, ""close_location"": 1.0, ""volume_z_20"": -0.315581604095444, ""gap_pct"": 0.007755196624139815, ""dow"": 0.0, ""month"": 8.0, ""pcr_oi"": 0.0, ""pcr_vol"": 0.0, ""oi_imbalance"": 0.0, ""atm_iv_skew"": 0.0, ""max_ce_oi_distance_pct"": 0.0, ""max_pe_oi_distance_pct"": 0.0, ""atm_premium_ratio"": 0.0}",1,,-0.0064341025013161,PE,0.0,-1.1783173981639812,2026-08-05T17:42:16.016874+00:00
2026-08-05,24624.650390625,PE,0,0.4247303630068536,0.5752696369931464,,,"{""return_1d"": 0.00039610154196334513, ""return_2d"": -0.006040549517274729, ""return_3d"": 0.009885775074707226, ""return_5d"": 0.015441158585842718, ""return_10d"": 0.02618744139709328, ""return_20d"": 0.03109446572142871, ""volatility_5d"": 0.008146578040758513, ""volatility_10d"": 0.007496674089922357, ""volatility_20d"": 0.006828645941042386, ""vol_ratio_5_20"": 1.193000502749004, ""rsi_14"": 61.963778300764055, ""rsi_slope_3"": 2.7536990168542843, ""ma_ratio_5_20"": 0.014329744519287813, ""ma_ratio_10_50"": 0.012617857309503488, ""trend_20"": 0.017707551569488444, ""high_low_range"": 0.007295550912405879, ""atr_pct_14"": 0.00907730209684925, ""close_location"": 0.705265217816723, ""volume_z_20"": -3.650019029474094, ""gap_pct"": 0.0022059332868833437, ""dow"": 2.0, ""month"": 8.0, ""pcr_oi"": 0.0, ""pcr_vol"": 0.0, ""oi_imbalance"": 0.0, ""atm_iv_skew"": 0.0, ""max_ce_oi_distance_pct"": 0.0, ""max_pe_oi_distance_pct"": 0.0, ""atm_premium_ratio"": 0.0}",0,,,,,,
